Column,iso_code,region_group,income_group,country,survey,year,level,grade,category,mlevel1_m,mlevel1_no,rlevel1_m,rlevel1_no,slevel1_m,slevel1_no,mlevel2_m,mlevel2_no,rlevel2_m,rlevel2_no,slevel2_m,slevel2_no,mlevel3_m,mlevel3_no,rlevel3_m,rlevel3_no,slevel3_m,slevel3_no,mlevel4_m,mlevel4_no,rlevel4_m,rlevel4_no,slevel4_m,slevel4_no
92182,ALB,Europe and Northern America,Upper middle income,Albania,PISA,2018,end of lower secondary,1,Total,0.830900013446808,5293,0.805499970912933,5134,0.867200016975403,5477,0.576300024986267,3649,0.477600008249283,3069,0.529799997806549,3334,0.290600001811981,1832,0.178299993276596,1165,0.181600004434586,1194,0.097900003194809,638,0.0386999994516373,264,0.0307000000029802,210
92183,ARE,Northern Africa and Western Asia,High income,U. A. Emirates,PISA,2018,end of lower secondary,1,Total,0.757600009441376,14419,0.786800026893616,14543,0.818700015544891,15418,0.544900000095367,10068,0.570599973201752,10245,0.572099983692169,10328,0.329899996519089,5857,0.336800009012222,5866,0.316399991512299,5486,0.158000007271767,2715,0.155900001525879,2619,0.123999997973442,2060
92184,ARG,Latin America and the Caribbean,Upper middle income,Argentina,PISA,2018,end of lower secondary,1,Total,0.595300018787384,7731,0.745700001716614,9406,0.768999993801117,9744,0.31029999256134,4407,0.478799998760223,6395,0.465099990367889,6254,0.114100001752377,1743,0.222200006246567,3172,0.19539999961853,2839,0.025900000706315,411,0.0603000000119209,921,0.045499999076128,777
92185,AUS,Oceania,High income,Australia,PISA,2018,end of lower secondary,1,Total,0.923799991607666,13201,0.929000020027161,13249,0.948899984359741,13515,0.775699973106384,11110,0.803699970245361,11465,0.81139999628067,11539,0.541899979114532,7781,0.592599987983704,8455,0.581399977207184,8240,0.286399990320206,4082,0.338899999856949,4815,0.306400001049042,4282
92186,AUT,Europe and Northern America,High income,Austria,PISA,2018,end of lower secondary,1,Total,0.927299976348877,6336,0.92629998922348,6334,0.945999979972839,6484,0.789200007915497,5464,0.763800024986267,5264,0.781499981880188,5408,0.580900013446808,4044,0.528900027275085,3635,0.531700015068054,3695,0.331900000572205,2366,0.266799986362457,1833,0.255299985408783,1781
92187,BEL,Europe and Northern America,High income,Belgium,PISA,2018,end of lower secondary,1,Total,0.931400001049042,7946,0.927900016307831,7885,0.941399991512299,8009,0.803399980068207,6897,0.787500023841858,6755,0.799899995326996,6854,0.617200016975403,5337,0.563899993896484,4865,0.577700018882751,5073,0.379599988460541,3251,0.299100011587143,2617,0.293700009584427,2606
92188,BGR,Europe and Northern America,Upper middle income,Bulgaria,PISA,2018,end of lower secondary,1,Total,0.780799984931946,4193,0.779699981212616,4201,0.817700028419495,4345,0.555899977684021,3042,0.528999984264374,2892,0.534900009632111,2897,0.318599998950958,1753,0.280200004577637,1560,0.26800000667572,1487,0.136600002646446,773,0.107600003480911,589,0.089199997484684,485
92189,BIH,Europe and Northern America,Upper middle income,Bosnia/Herzeg.,PISA,2018,end of lower secondary,1,Total,0.71289998292923,4610,0.795400023460388,5147,0.788600027561188,5114,0.424400001764297,2803,0.463200002908707,3015,0.432200014591217,2839,0.1824000030756,1210,0.17509999871254,1154,0.137799993157387,883,0.0511000007390976,333,0.0320999994874001,208,0.0207000002264977,125
92190,BLR,Europe and Northern America,Upper middle income,Belarus,PISA,2018,end of lower secondary,1,Total,0.886300027370453,5163,0.933899998664856,5425,0.944500029087067,5499,0.706399977207184,4145,0.765900015830994,4499,0.757799983024597,4484,0.459300011396408,2682,0.479400008916855,2816,0.445100009441376,2610,0.225199997425079,1351,0.199200004339218,1171,0.157299995422363,951
92191,BRA,Latin America and the Caribbean,Upper middle income,Brazil,PISA,2018,end of lower secondary,1,Total,0.589699983596802,6393,0.767000019550323,8358,0.760599970817566,8288,0.319099992513657,3361,0.500500023365021,5496,0.446099996566772,4928,0.136700004339218,1388,0.255299985408783,2805,0.19310000538826,2108,0.0439000017940998,433,0.091899998486042,991,0.0542000010609627,576
92192,BRN,Eastern and South-eastern Asia,High income,Brunei Daruss.,PISA,2018,end of lower secondary,1,Total,0.778500020503998,5287,0.751999974250793,5149,0.839399993419647,5747,0.52130001783371,3539,0.48199999332428,3337,0.542699992656708,3695,0.280900001525879,1909,0.237299993634224,1648,0.287200003862381,1938,0.119300000369549,828,0.0824000015854836,579,0.112800002098083,767
92193,CAN,Europe and Northern America,High income,Canada,PISA,2018,end of lower secondary,1,Total,0.950100004673004,21342,0.962100028991699,21535,0.970300018787384,21815,0.837400019168854,18544,0.862500011920929,18958,0.865599989891052,19236,0.629299998283386,13497,0.661300003528595,14061,0.641799986362457,13861,0.37049999833107,7500,0.389699995517731,7916,0.348300009965897,7187
92194,CHE,Europe and Northern America,High income,Switzerland,PISA,2018,end of lower secondary,1,Total,0.952199995517731,5580,0.914699971675873,5371,0.949899971485138,5574,0.831700026988983,4912,0.763700008392334,4490,0.797699987888336,4681,0.636300027370453,3752,0.529500007629395,3051,0.548500001430511,3157,0.392500013113022,2269,0.266099989414215,1541,0.270799994468689,1578
92195,CHL,Latin America and the Caribbean,High income,Chile,PISA,2018,end of lower secondary,1,Total,0.753199994564056,6152,0.893100023269653,7001,0.90200001001358,7073,0.48089998960495,4247,0.682799994945526,5691,0.646600008010864,5452,0.225600004196167,2248,0.387899994850159,3549,0.315299987792969,2974,0.0693999975919724,796,0.143700003623962,1504,0.089699998497963,1025
92196,CZE,Europe and Northern America,High income,Czechia,PISA,2018,end of lower secondary,1,Total,0.933700025081635,6644,0.942399978637695,6694,0.957199990749359,6756,0.79610002040863,5823,0.792599976062775,5808,0.812399983406067,5930,0.575100004673004,4476,0.542999982833862,4236,0.553099989891052,4326,0.323100000619888,2822,0.273699998855591,2467,0.266000002622604,2426
92197,DEU,Europe and Northern America,High income,Germany,PISA,2018,end of lower secondary,1,Total,0.924399971961975,5041,0.928900003433228,5059,0.942099988460541,5134,0.788999974727631,4347,0.793099999427795,4348,0.804000020027161,4430,0.58160001039505,3215,0.581799983978271,3223,0.583700001239777,3227,0.341399997472763,1895,0.327800005674362,1854,0.314500004053116,1758
92198,DNK,Europe and Northern America,High income,Denmark,PISA,2018,end of lower secondary,1,Total,0.962800025939941,7234,0.959100008010864,7213,0.952000021934509,7135,0.854300022125244,6218,0.839999973773956,6116,0.813399970531464,5895,0.634599983692169,4404,0.601000010967255,4165,0.547800004482269,3760,0.346399992704391,2314,0.299899995326996,2011,0.2466000020504,1628
92199,DOM,Latin America and the Caribbean,Upper middle income,Dominican Rep.,PISA,2018,end of lower secondary,1,Total,0.307200014591217,1762,0.496899992227554,2900,0.467700004577637,2711,0.0944000035524368,544,0.209399998188019,1210,0.151700004935265,888,0.0215000007301569,111,0.0590999983251095,353,0.0288999993354082,174,,,0.00989999994635582,61,,
92200,ESP,Europe and Northern America,High income,Spain,PISA,2018,end of lower secondary,1,Total,0.912999987602234,33388,0.929700016975403,33825,0.949199974536896,34447,0.753000020980835,28282,0.76800000667572,28465,0.787299990653992,29284,0.508599996566772,19896,0.496199995279312,18871,0.503600001335144,19424,0.2483000010252,10193,0.214399993419647,8453,0.209499999880791,8396
92201,EST,Europe and Northern America,High income,Estonia,PISA,2018,end of lower secondary,1,Total,0.979099988937378,5200,0.976599991321564,5190,0.987800002098083,5246,0.897800028324127,4770,0.889500021934509,4736,0.912400007247925,4838,0.689899981021881,3681,0.677900016307831,3623,0.697300016880035,3719,0.400400012731552,2124,0.378899991512299,2009,0.376199990510941,2013
92202,FIN,Europe and Northern America,High income,Finland,PISA,2018,end of lower secondary,1,Total,0.961499989032745,5445,0.958299994468689,5413,0.967599987983704,5460,0.850199997425079,4808,0.864600002765656,4879,0.871100008487701,4890,0.627300024032593,3560,0.672100007534027,3811,0.660399973392487,3702,0.337900012731552,1917,0.396200001239777,2229,0.371499985456467,2023
92203,FRA,Europe and Northern America,High income,France,PISA,2018,end of lower secondary,1,Total,0.91949999332428,5638,0.930800020694733,5732,0.943899989128113,5846,0.787400007247925,4736,0.790600001811981,4754,0.795000016689301,4793,0.576399981975555,3417,0.562200009822845,3345,0.549300014972687,3282,0.320699989795685,1861,0.296499997377396,1775,0.265799999237061,1598
92204,GBR,Europe and Northern America,High income,United Kingdom,PISA,2018,end of lower secondary,1,Total,0.935899972915649,12927,0.94980001449585,13118,0.954800009727478,13175,0.807699978351593,11060,0.827000021934509,11396,0.825600028038025,11213,0.587499976158142,7890,0.597199976444244,8090,0.585600018501282,7592,0.332899987697601,4189,0.324999988079071,4259,0.30460000038147,3640
92205,GEO,Northern Africa and Western Asia,Upper middle income,Georgia,PISA,2018,end of lower secondary,1,Total,0.662699997425079,3705,0.68419998884201,3885,0.71289998292923,3982,0.389499992132187,2245,0.356200009584427,2031,0.356200009584427,2040,0.173899993300438,1046,0.12729999423027,729,0.112999998033047,657,0.0544000007212162,367,0.0260000005364418,139,0.0176999997347593,110
92206,GRC,Europe and Northern America,High income,Greece,PISA,2018,end of lower secondary,1,Total,0.846800029277802,5487,0.884400010108948,5714,0.906799972057343,5846,0.641600012779236,4173,0.694800019264221,4547,0.682600021362305,4444,0.373299986124039,2428,0.421400010585785,2761,0.366200000047684,2462,0.148399993777275,958,0.169799998402596,1131,0.105800002813339,735
92207,HKG,Eastern and South-eastern Asia,High income,"Hong Kong, China",PISA,2018,end of lower secondary,1,Total,0.972299993038177,5904,0.955099999904633,5810,0.973699986934662,5898,0.90829998254776,5521,0.874000012874603,5313,0.884400010108948,5387,0.77319997549057,4745,0.696200013160706,4295,0.667100012302399,4116,0.552200019359589,3425,0.419099986553192,2573,0.328700006008148,2010
92208,HRV,Europe and Northern America,High income,Croatia,PISA,2018,end of lower secondary,1,Total,0.890200018882751,5835,0.942900002002716,6218,0.937699973583221,6198,0.688399970531464,4492,0.784200012683868,5122,0.746299982070923,4922,0.414600014686584,2661,0.501299977302551,3280,0.44650000333786,2933,0.181600004434586,1159,0.211500003933907,1366,0.17790000140667,1145
92209,HUN,Europe and Northern America,High income,Hungary,PISA,2018,end of lower secondary,1,Total,0.904100000858307,4751,0.917500019073486,4776,0.936999976634979,4839,0.743600010871887,3987,0.747300028800964,3957,0.75900000333786,4019,0.507300019264221,2752,0.495599985122681,2661,0.497900009155273,2663,0.254900008440018,1444,0.232400000095367,1323,0.217099994421005,1224
92210,IDN,Eastern and South-eastern Asia,Upper middle income,Indonesia,PISA,2018,end of lower secondary,1,Total,0.594299972057343,8224,0.668299973011017,8874,0.813499987125397,10402,0.281399995088577,4771,0.300900012254715,4782,0.400000005960464,6027,0.0957000032067299,2132,0.0832000002264977,1784,0.108300000429153,2234,0.0275999996811152,652,0.0115000000223517,346,0.016100000590086,447
92211,IRL,Europe and Northern America,High income,Ireland,PISA,2018,end of lower secondary,1,Total,0.961700022220612,5380,0.976700007915497,5450,0.964100003242493,5360,0.843100011348724,4699,0.882000029087067,4904,0.829699993133545,4608,0.595899999141693,3286,0.664600014686584,3743,0.560999989509583,3095,0.290600001811981,1623,0.361699998378754,2023,0.247899994254112,1377
92212,ISL,Europe and Northern America,High income,Iceland,PISA,2018,end of lower secondary,1,Total,0.926400005817413,3048,0.895299971103668,2956,0.935699999332428,3087,0.793099999427795,2589,0.736400008201599,2444,0.750199973583221,2444,0.573099970817566,1883,0.490299999713898,1594,0.466899991035461,1527,0.3057000041008,1015,0.239600002765656,769,0.189999997615814,600
92213,ISR,Northern Africa and Western Asia,High income,Israel,PISA,2018,end of lower secondary,1,Total,0.822700023651123,5467,0.839100003242493,5599,0.860599994659424,5768,0.658999979496002,4375,0.689400017261505,4581,0.669000029563904,4471,0.45210000872612,3011,0.495299994945526,3302,0.437700003385544,2944,0.241600006818771,1626,0.279500007629395,1850,0.209199994802475,1439
92214,ITA,Europe and Northern America,High income,Italy,PISA,2018,end of lower secondary,1,Total,0.90939998626709,10965,0.91509997844696,10966,0.923600018024445,11114,0.761799991130829,9365,0.767300009727478,9170,0.741199970245361,9070,0.532599985599518,6658,0.504499971866608,6121,0.439399987459183,5568,0.276600003242493,3585,0.222299993038177,2728,0.161200001835823,2067
92215,JOR,Northern Africa and Western Asia,Lower middle income,Jordan,PISA,2018,end of lower secondary,1,Total,0.692499995231628,6176,0.83789998292923,7533,0.85860002040863,7772,0.406699985265732,3594,0.587700009346008,5305,0.59689998626709,5309,0.166400000452995,1429,0.250099986791611,2228,0.273200005292892,2384,0.0423000007867813,332,0.0454000011086464,377,0.0665000006556511,551
92216,JPN,Eastern and South-eastern Asia,High income,Japan,PISA,2018,end of lower secondary,1,Total,0.971400022506714,5945,0.952199995517731,5805,0.980300009250641,5988,0.885500013828278,5414,0.832199990749359,5060,0.891600012779236,5441,0.698300004005432,4287,0.607200026512146,3703,0.692600011825562,4222,0.4341000020504,2703,0.321099996566772,1940,0.395599991083145,2429
92217,KAZ,Central and Southern Asia,Upper middle income,Kazakhstan,PISA,2018,end of lower secondary,1,Total,0.776899993419647,15801,0.741900026798248,15206,0.799600005149841,16200,0.50900000333786,11202,0.35809999704361,8652,0.396699994802475,9342,0.242599993944168,6216,0.118900001049042,3776,0.127599999308586,3853,0.0822999998927116,2652,0.0295000001788139,1203,0.0288999993354082,1124
92218,KOR,Eastern and South-eastern Asia,High income,Rep. of Korea,PISA,2018,end of lower secondary,1,Total,0.946099996566772,6297,0.945200026035309,6308,0.964600026607513,6424,0.850000023841858,5685,0.848900020122528,5667,0.858299970626831,5715,0.676699995994568,4533,0.65310001373291,4391,0.648599982261658,4346,0.442999988794327,2963,0.376800000667572,2556,0.362800002098083,2459
92219,LBN,Northern Africa and Western Asia,Lower middle income,Lebanon,PISA,2018,end of lower secondary,1,Total,0.619700014591217,3545,0.538699984550476,3061,0.674099981784821,3841,0.402099996805191,2282,0.322299987077713,1820,0.37720000743866,2138,0.211199998855591,1225,0.148499995470047,854,0.158999994397163,908,0.0806000009179115,453,0.0438000001013279,247,0.0408999994397163,228
92220,LTU,Europe and Northern America,High income,Lithuania,PISA,2018,end of lower secondary,1,Total,0.90719997882843,6278,0.926199972629547,6319,0.947899997234344,6513,0.743600010871887,5184,0.756399989128113,5090,0.778199970722198,5274,0.501800000667572,3472,0.495299994945526,3224,0.494500011205673,3295,0.249799996614456,1699,0.218299999833107,1381,0.207100003957748,1336
92221,LUX,Europe and Northern America,High income,Luxembourg,PISA,2018,end of lower secondary,1,Total,0.89139997959137,4703,0.883400022983551,4609,0.924000024795532,4823,0.727800011634827,3863,0.707099974155426,3687,0.732299983501434,3843,0.510900020599365,2653,0.470200002193451,2463,0.475499987602234,2480,0.284799993038177,1473,0.235499992966652,1239,0.219999998807907,1197
92222,LVA,Europe and Northern America,High income,Latvia,PISA,2018,end of lower secondary,1,Total,0.956099987030029,5075,0.941699981689453,4992,0.963299989700317,5130,0.826799988746643,4395,0.775600016117096,4083,0.815100014209747,4326,0.56879997253418,2955,0.501800000667572,2601,0.520099997520447,2706,0.275099992752075,1402,0.213799998164177,1038,0.205400004982948,1005
92223,MAC,Eastern and South-eastern Asia,High income,"Macao, China",PISA,2018,end of lower secondary,1,Total,0.989700019359589,3738,0.974300026893616,3678,0.991199970245361,3744,0.949999988079071,3589,0.892000019550323,3376,0.939999997615814,3538,0.827400028705597,3082,0.697499990463257,2638,0.767799973487854,2880,0.579200029373169,2145,0.399199992418289,1491,0.444799989461899,1633
92224,MAR,Northern Africa and Western Asia,Lower middle income,Morocco,PISA,2018,end of lower secondary,1,Total,0.528699994087219,3589,0.600799977779388,4048,0.712100028991699,4853,0.243699997663498,1645,0.26690000295639,1795,0.305500000715256,2109,0.0750000029802322,513,0.0608999989926815,411,0.0649999976158142,445,0.0130000002682209,88,0.0052000000141561,40,,
92225,MDA,Europe and Northern America,Upper middle income,Rep. Moldova,PISA,2018,end of lower secondary,1,Total,0.738600015640259,4000,0.822000026702881,4441,0.848399996757507,4558,0.49669998884201,2693,0.569999992847443,3115,0.574000000953674,3093,0.262100011110306,1410,0.290300011634827,1570,0.276899993419647,1492,0.0971999987959862,513,0.0821999981999397,464,0.0744000002741814,389
92226,MEX,Latin America and the Caribbean,Upper middle income,Mexico,PISA,2018,end of lower secondary,1,Total,0.740400016307831,5619,0.8435999751091,6368,0.873700022697449,6505,0.4375,3443,0.553099989891052,4291,0.531899988651276,4114,0.17339999973774,1394,0.235699996352196,1885,0.192399993538857,1527,0.0421999990940094,318,0.061099998652935,508,0.0379000008106232,292
92227,MKD,Europe and Northern America,Upper middle income,North Macedonia,PISA,2018,end of lower secondary,1,Total,0.647599995136261,3521,0.728100001811981,3963,0.799600005149841,4420,0.38960000872612,2085,0.448599994182587,2388,0.505400002002716,2741,0.176300004124641,932,0.183100000023842,934,0.223900005221367,1224,0.0557000003755093,298,0.0386000014841557,192,0.0597000010311604,318
92228,MLT,Europe and Northern America,High income,Malta,PISA,2018,end of lower secondary,1,Total,0.856599986553192,2886,0.826399981975555,2787,0.858500003814697,2899,0.697499990463257,2353,0.641099989414215,2193,0.664799988269806,2264,0.482199996709824,1610,0.403800010681152,1409,0.415600001811981,1404,0.250400006771088,868,0.187199994921684,670,0.179000005125999,610
92229,MNE,Europe and Northern America,Upper middle income,Montenegro,PISA,2018,end of lower secondary,1,Total,0.801100015640259,5346,0.835799992084503,5586,0.832099974155426,5542,0.538399994373322,3586,0.555800020694733,3757,0.517799973487854,3463,0.265799999237061,1806,0.250900000333786,1715,0.203099995851517,1386,0.0868000015616417,602,0.067500002682209,451,0.0438000001013279,303
92230,MYS,Eastern and South-eastern Asia,Upper middle income,Malaysia,PISA,2018,end of lower secondary,1,Total,0.839399993419647,5180,0.82039999961853,5056,0.909900009632111,5636,0.584999978542328,3606,0.541700005531311,3367,0.634199976921082,3944,0.30239999294281,1859,0.227699995040894,1394,0.275599986314774,1690,0.109600000083447,658,0.0483000017702579,283,0.060199998319149,353
92231,NLD,Europe and Northern America,High income,Netherlands,PISA,2018,end of lower secondary,1,Total,0.954800009727478,4518,0.915499985218048,4317,0.943400025367737,4466,0.842499971389771,3937,0.759100019931793,3532,0.799600005149841,3710,0.652199983596802,3035,0.521700024604797,2374,0.575200021266937,2645,0.419999986886978,1913,0.278800010681152,1264,0.326599985361099,1476
92232,NOR,Europe and Northern America,High income,Norway,PISA,2018,end of lower secondary,1,Total,0.935100018978119,5437,0.925899982452393,5363,0.932600021362305,5412,0.811299979686737,4713,0.807099997997284,4657,0.791499972343445,4573,0.593100011348724,3448,0.592400014400482,3409,0.541100025177002,3117,0.32820001244545,1882,0.328599989414215,1876,0.255299985408783,1464
92233,NZL,Oceania,High income,New Zealand,PISA,2018,end of lower secondary,1,Total,0.924300014972687,5733,0.936999976634979,5830,0.950800001621246,5896,0.78219997882843,4879,0.810400009155273,5062,0.819599986076355,5118,0.55460000038147,3473,0.602400004863739,3756,0.599900007247925,3766,0.304300010204315,1939,0.356099992990494,2239,0.33160001039505,2096
92234,PAN,Latin America and the Caribbean,High income,Panama,PISA,2018,end of lower secondary,1,Total,0.46340000629425,2878,0.67220002412796,4265,0.622300028800964,3850,0.188199996948242,1161,0.356900006532669,2237,0.287099987268448,1804,0.0531999990344048,352,0.127000004053116,821,0.0899000018835068,586,0.0100999996066093,58,0.0278999991714954,167,0.0163000002503395,103
92235,PER,Latin America and the Caribbean,Upper middle income,Peru,PISA,2018,end of lower secondary,1,Total,0.67960000038147,4233,0.745700001716614,4603,0.800599992275238,4933,0.396600008010864,2454,0.456900000572205,2863,0.455099999904633,2846,0.165999993681908,1027,0.19879999756813,1237,0.165000006556511,1031,0.0498000010848045,286,0.0559000000357628,342,0.0333999991416931,179
92236,PHL,Eastern and South-eastern Asia,Lower middle income,Philippines,PISA,2018,end of lower secondary,1,Total,0.455599993467331,3283,0.461199998855591,3299,0.572399973869324,4146,0.192800000309944,1337,0.193800002336502,1357,0.220300003886223,1581,0.0566000007092953,408,0.0625,416,0.0666999965906143,435,0.00989999994635582,72,0.0115000000223517,75,0.0105999996885657,75
92237,POL,Europe and Northern America,High income,Poland,PISA,2018,end of lower secondary,1,Total,0.957899987697601,5389,0.961099982261658,5420,0.972899973392487,5485,0.852800011634827,4817,0.853200018405914,4822,0.861599981784821,4848,0.64630001783371,3671,0.629199981689453,3565,0.612399995326996,3467,0.380800008773804,2174,0.352299988269806,2021,0.312599986791611,1776
92238,PRT,Europe and Northern America,High income,Portugal,PISA,2018,end of lower secondary,1,Total,0.907100021839142,5408,0.941100001335144,5559,0.951799988746643,5681,0.767199993133545,4577,0.797800004482269,4709,0.804400026798248,4745,0.558200001716614,3309,0.564499974250793,3339,0.541999995708466,3174,0.313400000333786,1868,0.282700002193451,1658,0.248099997639656,1443
92239,QAT,Northern Africa and Western Asia,High income,Qatar,PISA,2018,end of lower secondary,1,Total,0.703199982643127,9857,0.726700007915497,10110,0.781199991703033,10877,0.46340000629425,6434,0.49099999666214,6857,0.51639997959137,7236,0.24439999461174,3357,0.257099986076355,3587,0.267199993133545,3705,0.098300002515316,1366,0.0992999970912933,1400,0.0974999964237213,1364
92240,ROU,Europe and Northern America,High income,Romania,PISA,2018,end of lower secondary,1,Total,0.773899972438812,3950,0.819700002670288,4197,0.840399980545044,4312,0.534500002861023,2726,0.591600000858307,2988,0.560500025749207,2825,0.289499998092651,1455,0.310600012540817,1537,0.262899994850159,1294,0.116700001060963,593,0.101099997758865,484,0.0737999975681305,355
92242,SAU,Northern Africa and Western Asia,High income,Saudi Arabia,PISA,2018,end of lower secondary,1,Total,0.571600019931793,3611,0.770799994468689,4825,0.733299970626831,4559,0.272799998521805,1783,0.47639998793602,3030,0.377400010824203,2365,0.0846000015735626,537,0.172900006175041,1097,0.111900001764297,725,0.0171000007539988,117,0.0272000003606081,171,0.0156999994069338,96
92243,SGP,Eastern and South-eastern Asia,High income,Singapore,PISA,2018,end of lower secondary,1,Total,0.981800019741058,6552,0.964600026607513,6430,0.980700016021729,6528,0.928699970245361,6164,0.887499988079071,5882,0.909600019454956,6027,0.817600011825562,5391,0.745199978351593,4934,0.758199989795685,5000,0.627099990844727,4125,0.521799981594086,3464,0.504100024700165,3303
92244,SRB,Europe and Northern America,Upper middle income,Serbia,PISA,2018,end of lower secondary,1,Total,0.818899989128113,5431,0.849799990653992,5621,0.869499981403351,5727,0.602500021457672,4024,0.623000025749207,4118,0.616800010204315,4052,0.361699998378754,2384,0.344799995422363,2268,0.317799985408783,2079,0.169599995017052,1110,0.126499995589256,834,0.106499999761581,643
92245,SVK,Europe and Northern America,High income,Slovakia,PISA,2018,end of lower secondary,1,Total,0.892700016498566,5385,0.883899986743927,5309,0.9064000248909,5444,0.749100029468536,4552,0.685899972915649,4133,0.707000017166138,4281,0.535600006580353,3270,0.417400002479553,2520,0.421700000762939,2579,0.293199986219406,1854,0.182099997997284,1163,0.169100001454353,1032
92246,SVN,Europe and Northern America,High income,Slovenia,PISA,2018,end of lower secondary,1,Total,0.952300012111664,6089,0.950600028038025,5964,0.973299980163574,6191,0.83569997549057,5179,0.821200013160706,4911,0.854399979114532,5217,0.619700014591217,3593,0.575900018215179,3209,0.608500003814697,3428,0.355800002813339,1909,0.280600011348724,1489,0.291000008583069,1529
92247,SWE,Europe and Northern America,High income,Sweden,PISA,2018,end of lower secondary,1,Total,0.940199971199036,5172,0.932399988174438,5143,0.948199987411499,5216,0.811900019645691,4461,0.816100001335144,4496,0.809899985790253,4449,0.593299984931946,3282,0.610000014305115,3373,0.569999992847443,3149,0.336299985647202,1878,0.355300009250641,1956,0.290499985218048,1556
92248,THA,Eastern and South-eastern Asia,Upper middle income,Thailand,PISA,2018,end of lower secondary,1,Total,0.749899983406067,6704,0.75739997625351,6801,0.871100008487701,7665,0.47299998998642,4535,0.404599994421005,4077,0.555199980735779,5287,0.226600006222725,2640,0.144899994134903,1918,0.238499999046326,2715,0.0838000029325485,1331,0.028999999165535,599,0.060199998319149,1024
92249,TUR,Northern Africa and Western Asia,Upper middle income,Turkey,PISA,2018,end of lower secondary,1,Total,0.861999988555908,5962,0.929499983787537,6395,0.949699997901917,6549,0.633400022983551,4362,0.738699972629547,5042,0.748499989509583,5140,0.360300004482269,2456,0.436899989843369,2956,0.420700013637543,2870,0.156700000166893,1033,0.168200001120567,1135,0.147900000214577,999
92250,UKR,Europe and Northern America,Lower middle income,Ukraine,PISA,2018,end of lower secondary,1,Total,0.843699991703033,5097,0.908200025558472,5485,0.92739999294281,5597,0.640799999237061,3891,0.740899980068207,4493,0.735700011253357,4490,0.379200011491776,2362,0.463699996471405,2834,0.435499995946884,2678,0.164599999785423,1056,0.178800001740456,1105,0.168799996376038,1040
92251,URY,Latin America and the Caribbean,High income,Uruguay,PISA,2018,end of lower secondary,1,Total,0.753899991512299,3924,0.820800006389618,4276,0.847299993038177,4446,0.492900013923645,2593,0.581200003623962,3040,0.561200022697449,2910,0.228400006890297,1187,0.299899995326996,1566,0.255699992179871,1356,0.0703999996185303,369,0.098800003528595,523,0.0683000013232231,369
92252,USA,Europe and Northern America,High income,United States,PISA,2018,end of lower secondary,1,Total,0.898299992084503,4302,0.934800028800964,4499,0.950900018215179,4595,0.728900015354156,3451,0.807299971580505,3854,0.81360000371933,3858,0.486699998378754,2257,0.596400022506714,2798,0.577199995517731,2682,0.24609999358654,1118,0.349900007247925,1601,0.302199989557266,1375
107933,ARE,Northern Africa and Western Asia,High income,U. A. Emirates,PISA,2012,end of lower secondary,1,Total,0.794700026512146,9032,0.862900018692017,9687,0.886600017547607,10112,0.537199974060059,6058,0.644699990749359,7222,0.648400008678436,7258,0.288599997758865,3210,0.359100013971329,3936,0.349400013685226,3939,0.119599997997284,1334,0.119499996304512,1342,0.126000002026558,1375
107934,ARG,Latin America and the Caribbean,Upper middle income,Argentina,PISA,2012,end of lower secondary,1,Total,0.651199996471405,4033,0.741400003433228,4463,0.801800012588501,4760,0.335200011730194,2209,0.464399993419647,2967,0.491400003433228,3081,0.113200001418591,833,0.191599994897842,1320,0.180399999022484,1195,0.0208000000566244,184,0.045499999076128,360,0.0324999988079071,245
107935,AUS,Oceania,High income,Australia,PISA,2012,end of lower secondary,1,Total,0.938700020313263,13270,0.95990002155304,13671,0.965699970722198,13797,0.803300023078918,11090,0.85809999704361,11957,0.863499999046326,12069,0.583999991416931,7796,0.64190000295639,8648,0.648599982261658,8832,0.338299989700317,4392,0.350800007581711,4612,0.363299995660782,4805
107936,AUT,Europe and Northern America,High income,Austria,PISA,2012,end of lower secondary,1,Total,0.943000018596649,4515,0.943400025367737,4494,0.963800013065338,4599,0.813499987125397,3928,0.80510002374649,3876,0.842199981212616,4048,0.594200015068054,2880,0.562699973583221,2706,0.598800003528595,2898,0.35249999165535,1687,0.266699999570847,1270,0.297699987888336,1426
107937,BEL,Europe and Northern America,High income,Belgium,PISA,2012,end of lower secondary,1,Total,0.930400013923645,8050,0.942900002002716,8150,0.941100001335144,8168,0.810400009155273,7108,0.839200019836426,7315,0.822899997234344,7226,0.62610000371933,5593,0.63510000705719,5630,0.607699990272522,5463,0.401699990034103,3661,0.362100005149841,3242,0.32039999961853,2921
107938,BGR,Europe and Northern America,Upper middle income,Bulgaria,PISA,2012,end of lower secondary,1,Total,0.800100028514862,4321,0.791999995708466,4321,0.856000006198883,4601,0.562399983406067,3070,0.606100022792816,3303,0.630999982357025,3448,0.318699985742569,1728,0.384600013494492,2131,0.367799997329712,2002,0.139799997210503,748,0.170100003480911,924,0.142900004982948,783
107939,BRA,Latin America and the Caribbean,Upper middle income,Brazil,PISA,2012,end of lower secondary,1,Total,0.631399989128113,11476,0.796599984169006,14922,0.80129998922348,14972,0.317099988460541,5567,0.492300003767014,8852,0.447699993848801,7889,0.119800001382828,2037,0.198599994182587,3352,0.149299994111061,2476,0.0344999991357327,581,0.0472999997437,758,0.0293000005185604,483
107940,CAN,Europe and Northern America,High income,Canada,PISA,2012,end of lower secondary,1,Total,0.963599979877472,20660,0.971300005912781,20775,0.975799977779388,20949,0.861699998378754,18138,0.891099989414215,18686,0.895799994468689,18823,0.651400029659271,13297,0.697300016880035,13960,0.686100006103516,13712,0.387899994850159,7508,0.386900007724762,7281,0.366400003433228,6936
107941,CHE,Europe and Northern America,High income,Switzerland,PISA,2012,end of lower secondary,1,Total,0.964299976825714,10775,0.965699970722198,10772,0.970099985599518,10874,0.875599980354309,9597,0.863099992275238,9393,0.871800005435944,9530,0.697899997234344,7385,0.644200026988983,6616,0.643400013446808,6636,0.452600002288818,4561,0.32940000295639,3173,0.330199986696243,3099
107942,CHL,Latin America and the Caribbean,High income,Chile,PISA,2012,end of lower secondary,1,Total,0.779999971389771,5708,0.909200012683868,6405,0.918600022792816,6435,0.484600007534027,3971,0.669799983501434,5056,0.655099987983704,4988,0.231299996376038,2275,0.318500012159348,2835,0.309300005435944,2817,0.0772999972105026,944,0.0750000029802322,916,0.0855000019073486,1015
107943,COL,Latin America and the Caribbean,Upper middle income,Colombia,PISA,2012,end of lower secondary,1,Total,0.583500027656555,5786,0.795899987220764,7610,0.801800012588501,7609,0.261799991130829,2785,0.485500007867813,4911,0.438499987125397,4365,0.0834999978542328,936,0.18019999563694,1903,0.13060000538826,1448,0.0192000009119511,232,0.0348999984562397,390,0.0204000007361174,267
107944,CRI,Latin America and the Caribbean,Upper middle income,Costa Rica,PISA,2012,end of lower secondary,1,Total,0.763599991798401,3538,0.918799996376038,4283,0.913800001144409,4240,0.401300013065338,1808,0.676199972629547,3143,0.606599986553192,2805,0.133000001311302,574,0.295100003480911,1291,0.214699998497963,946,0.0315999984741211,127,0.0659999996423721,279,0.0368999987840652,160
107945,CZE,Europe and Northern America,High income,Czechia,PISA,2012,end of lower secondary,1,Total,0.931999981403351,5081,0.95880001783371,5161,0.966799974441528,5209,0.79040002822876,4457,0.831300020217896,4646,0.862200021743774,4775,0.573400020599365,3447,0.566999971866608,3472,0.615199983119965,3667,0.325399994850159,2198,0.254099994897842,1800,0.298500001430511,2038
107946,DEU,Europe and Northern America,High income,Germany,PISA,2012,end of lower secondary,1,Total,0.944500029087067,4711,0.962100028991699,4805,0.971000015735626,4861,0.82260000705719,4126,0.855099976062775,4264,0.877900004386902,4379,0.628600001335144,3143,0.633800029754639,3154,0.672500014305115,3355,0.391200006008148,1964,0.335099995136261,1669,0.383300006389618,1932
107947,DNK,Europe and Northern America,High income,Denmark,PISA,2012,end of lower secondary,1,Total,0.956499993801117,6938,0.961000025272369,7063,0.953000009059906,6945,0.83160001039505,5773,0.853600025177002,6064,0.833100020885468,5809,0.587700009346008,3891,0.595899999141693,3995,0.576600015163422,3807,0.297699987888336,1931,0.259499996900558,1675,0.263900011777878,1668
107948,ESP,Europe and Northern America,High income,Spain,PISA,2012,end of lower secondary,1,Total,0.922299981117249,23611,0.942499995231628,23971,0.963199973106384,24521,0.763899981975555,20320,0.816600024700165,21092,0.842999994754791,21904,0.51529997587204,14412,0.558300018310547,14894,0.570100009441376,15351,0.255699992179871,7650,0.246800005435944,6740,0.24210000038147,6808
107949,EST,Europe and Northern America,High income,Estonia,PISA,2012,end of lower secondary,1,Total,0.980199992656708,4686,0.985400021076202,4714,0.994599997997284,4757,0.894599974155426,4300,0.908800005912781,4352,0.949599981307983,4541,0.674499988555908,3252,0.681900024414062,3304,0.76010000705719,3659,0.380299985408783,1831,0.331800013780594,1616,0.415600001811981,2046
107950,FIN,Europe and Northern America,High income,Finland,PISA,2012,end of lower secondary,1,Total,0.966600000858307,8361,0.968800008296967,8380,0.982200026512146,8508,0.877300024032593,7349,0.886500000953674,7483,0.923099994659424,7773,0.672399997711182,5465,0.695900022983551,5696,0.755100011825562,6063,0.384200006723404,3071,0.402900010347366,3169,0.459100008010864,3487
107951,FRA,Europe and Northern America,High income,France,PISA,2012,end of lower secondary,1,Total,0.912699997425079,4251,0.93010002374649,4312,0.938899993896484,4350,0.77649998664856,3643,0.810800015926361,3793,0.812600016593933,3797,0.555000007152557,2645,0.622300028800964,2943,0.58380001783371,2773,0.317400008440018,1552,0.358900010585785,1718,0.292100012302399,1411
107952,GBR,Europe and Northern America,High income,United Kingdom,PISA,2012,end of lower secondary,1,Total,0.921700000762939,11735,0.945599973201752,12087,0.957499980926514,12176,0.781899988651276,9832,0.83380001783371,10629,0.850300014019012,10766,0.549799978733063,6740,0.599200010299683,7534,0.625899970531464,7703,0.302100002765656,3497,0.300500005483627,3593,0.341699987649918,4028
107953,GRC,Europe and Northern America,High income,Greece,PISA,2012,end of lower secondary,1,Total,0.855499982833862,4403,0.915300011634827,4701,0.925599992275238,4762,0.643100023269653,3345,0.773699998855591,3970,0.744799971580505,3840,0.371499985456467,1916,0.523000001907349,2686,0.434599995613098,2237,0.150800004601479,771,0.223000004887581,1109,0.146699994802475,768
107954,HKG,Eastern and South-eastern Asia,High income,"Hong Kong, China",PISA,2012,end of lower secondary,1,Total,0.974300026893616,4547,0.984899997711182,4602,0.988099992275238,4610,0.914799988269806,4276,0.932099997997284,4340,0.944400012493134,4402,0.794700026512146,3700,0.789200007915497,3669,0.814100027084351,3793,0.597699999809265,2788,0.497200012207031,2362,0.515799999237061,2448
107955,HRV,Europe and Northern America,High income,Croatia,PISA,2012,end of lower secondary,1,Total,0.904999971389771,4539,0.952499985694885,4769,0.967499971389771,4844,0.701300024986267,3501,0.813000023365021,4061,0.827099978923798,4123,0.43419998884201,2146,0.534600019454956,2691,0.536199986934662,2653,0.204799994826317,990,0.222299993038177,1103,0.221799999475479,1092
107956,HUN,Europe and Northern America,High income,Hungary,PISA,2012,end of lower secondary,1,Total,0.901000022888184,4440,0.940500020980835,4594,0.959299981594086,4667,0.719399988651276,3640,0.802799999713898,4016,0.819599986076355,4051,0.466699987649918,2405,0.559499979019165,2865,0.555400013923645,2846,0.237000003457069,1242,0.26010000705719,1340,0.246399998664856,1279
107957,IDN,Eastern and South-eastern Asia,Upper middle income,Indonesia,PISA,2012,end of lower secondary,1,Total,0.576900005340576,3277,0.795899987220764,4529,0.753199994564056,4304,0.243100002408028,1387,0.447499990463257,2560,0.333999991416931,1909,0.0746000036597252,396,0.131300002336502,752,0.0711999982595444,412,0.0175999999046326,79,0.0163000002503395,88,,
107958,IRL,Europe and Northern America,High income,Ireland,PISA,2012,end of lower secondary,1,Total,0.951799988746643,4768,0.978799998760223,4914,0.974399983882904,4893,0.830999970436096,4162,0.904100000858307,4561,0.889100015163422,4445,0.59170001745224,2962,0.708400011062622,3517,0.668699979782104,3366,0.309399992227554,1534,0.374000012874603,1905,0.357199996709824,1786
107959,ISL,Europe and Northern America,High income,Iceland,PISA,2012,end of lower secondary,1,Total,0.925499975681305,3230,0.923399984836578,3232,0.920300006866455,3217,0.785199999809265,2766,0.790000021457672,2780,0.76010000705719,2673,0.549199998378754,1922,0.542599976062775,1907,0.48539999127388,1721,0.292199999094009,1024,0.244000002741814,890,0.213899999856949,769
107960,ITA,Europe and Northern America,High income,Italy,PISA,2012,end of lower secondary,1,Total,0.914699971675873,28856,0.932299971580505,29281,0.951200008392334,29847,0.75330001115799,24331,0.805000007152557,25663,0.813000023365021,26039,0.512600004673004,16900,0.568400025367737,18461,0.552600026130676,18123,0.266699999570847,8838,0.271699994802475,8912,0.251399993896484,8364
107961,JOR,Northern Africa and Western Asia,Lower middle income,Jordan,PISA,2012,end of lower secondary,1,Total,0.635200023651123,4357,0.776000022888184,5380,0.818400025367737,5679,0.314399987459183,2118,0.492900013923645,3409,0.504400014877319,3430,0.104800000786781,669,0.18529999256134,1229,0.182199999690056,1195,0.024100000038743,134,0.0307000000029802,185,0.0324999988079071,200
107962,JPN,Eastern and South-eastern Asia,High income,Japan,PISA,2012,end of lower secondary,1,Total,0.968400001525879,6140,0.969399988651276,6142,0.97979998588562,6216,0.889400005340576,5650,0.902400016784668,5739,0.91540002822876,5821,0.720200002193451,4549,0.736000001430511,4663,0.75220000743866,4783,0.473600000143051,3021,0.468899995088577,2977,0.476900011301041,3059
107963,KAZ,Central and Southern Asia,Upper middle income,Kazakhstan,PISA,2012,end of lower secondary,1,Total,0.854600012302399,4957,0.785000026226044,4586,0.887099981307983,5144,0.547599971294403,3165,0.429500013589859,2559,0.58050000667572,3404,0.232199996709824,1348,0.116899996995926,710,0.212599992752075,1278,0.0636000037193298,373,0.0125000001862645,67,0.0346000008285046,212
107965,LIE,Europe and Northern America,High income,Liechtenstein,PISA,2012,end of lower secondary,1,Total,0.965099990367889,286,0.98089998960495,289,0.992200016975403,291,0.859200000762939,257,0.876200020313263,259,0.896000027656555,268,0.707400023937225,209,0.652499973773956,206,0.676100015640259,193,0.480500012636185,145,0.366200000047684,108,0.368499994277954,110
107966,LTU,Europe and Northern America,High income,Lithuania,PISA,2012,end of lower secondary,1,Total,0.912599980831146,4211,0.944500029087067,4380,0.966499984264374,4459,0.739799976348877,3442,0.787999987602234,3604,0.839200019836426,3886,0.480500012636185,2235,0.507300019264221,2367,0.563099980354309,2627,0.234500005841255,1059,0.196099996566772,903,0.234500005841255,1082
107967,LUX,Europe and Northern America,High income,Luxembourg,PISA,2012,end of lower secondary,1,Total,0.912000000476837,4795,0.916700005531311,4828,0.928399980068207,4897,0.756699979305267,3977,0.778299987316132,4092,0.777800023555756,4073,0.533500015735626,2836,0.544000029563904,2852,0.535799980163574,2828,0.297199994325638,1566,0.285699993371964,1468,0.27360001206398,1441
107968,LVA,Europe and Northern America,High income,Latvia,PISA,2012,end of lower secondary,1,Total,0.951799988746643,4129,0.956200003623962,4162,0.981599986553192,4245,0.800599992275238,3530,0.830200016498566,3657,0.876399993896484,3808,0.534300029277802,2410,0.563399970531464,2572,0.594600021839142,2677,0.256099998950958,1182,0.232500001788139,1081,0.243399992585182,1078
107969,MAC,Eastern and South-eastern Asia,High income,"Macao, China",PISA,2012,end of lower secondary,1,Total,0.96780002117157,5161,0.975399971008301,5211,0.986400008201599,5258,0.892199993133545,4759,0.885399997234344,4720,0.912500023841858,4877,0.727800011634827,3899,0.652499973773956,3496,0.690199971199036,3687,0.48769998550415,2592,0.309799998998642,1661,0.328299999237061,1770
107970,MEX,Latin America and the Caribbean,Upper middle income,Mexico,PISA,2012,end of lower secondary,1,Total,0.771700024604797,26905,0.864199995994568,29813,0.874100029468536,29983,0.452899992465973,16277,0.589200019836426,20918,0.529799997806549,18774,0.174600005149841,6473,0.244599997997284,8934,0.160199999809265,6013,0.0434000007808208,1672,0.0487999990582466,1829,0.0225000008940697,855
107971,MNE,Europe and Northern America,Upper middle income,Montenegro,PISA,2012,end of lower secondary,1,Total,0.725000023841858,3424,0.824500024318695,3910,0.813199996948242,3855,0.433499991893768,1983,0.566999971866608,2634,0.493099987506866,2281,0.191300004720688,830,0.274899989366531,1247,0.196400001645088,911,0.059799998998642,250,0.0759000033140182,318,0.0421000011265278,188
107972,MYS,Eastern and South-eastern Asia,Upper middle income,Malaysia,PISA,2012,end of lower secondary,1,Total,0.770399987697601,4059,0.777700006961823,4094,0.855300009250641,4508,0.482499986886978,2570,0.472799986600876,2498,0.544900000095367,2867,0.222200006246567,1174,0.162499994039536,881,0.206000000238419,1127,0.0733999982476234,402,0.0263000000268221,139,0.0406999997794628,207
107973,NLD,Europe and Northern America,High income,Netherlands,PISA,2012,end of lower secondary,1,Total,0.961700022220612,4270,0.962800025939941,4285,0.969299972057343,4319,0.852100014686584,3737,0.860099971294403,3761,0.868799984455109,3820,0.672800004482269,2883,0.65039998292923,2783,0.667400002479553,2843,0.43079999089241,1812,0.35809999704361,1515,0.37610000371933,1598
107974,NOR,Europe and Northern America,High income,Norway,PISA,2012,end of lower secondary,1,Total,0.927600026130676,4368,0.945900022983551,4437,0.939999997615814,4423,0.776899993419647,3654,0.837800025939941,3948,0.803600013256073,3760,0.533999979496002,2487,0.618399977684021,2925,0.555199980735779,2584,0.277200013399124,1307,0.32480001449585,1469,0.26570001244545,1231
107975,NZL,Oceania,High income,New Zealand,PISA,2012,end of lower secondary,1,Total,0.924799978733063,3996,0.947099983692169,4067,0.953299999237061,4092,0.773599982261658,3349,0.837300002574921,3630,0.837400019168854,3620,0.557699978351593,2426,0.629400014877319,2725,0.620199978351593,2710,0.330700010061264,1436,0.366800010204315,1592,0.356599986553192,1566
107976,POL,Europe and Northern America,High income,Poland,PISA,2012,end of lower secondary,1,Total,0.967199981212616,4464,0.975300014019012,4493,0.986999988555908,4548,0.856100022792816,3971,0.894200026988983,4146,0.909900009632111,4214,0.635299980640411,2964,0.680499970912933,3163,0.684499979019165,3204,0.380699992179871,1843,0.360599994659424,1725,0.352999985218048,1707
107977,PRT,Europe and Northern America,High income,Portugal,PISA,2012,end of lower secondary,1,Total,0.911099970340729,5189,0.93529999256134,5330,0.95279997587204,5444,0.750899970531464,4262,0.811900019645691,4586,0.810100018978119,4580,0.52319997549057,2918,0.557099997997284,3081,0.537400007247925,2969,0.282900005578995,1564,0.254599988460541,1408,0.223800003528595,1247
107978,ROU,Europe and Northern America,High income,Romania,PISA,2012,end of lower secondary,1,Total,0.860199987888336,4381,0.871200025081635,4443,0.9132000207901,4645,0.591799974441528,3044,0.627399981021881,3245,0.626699984073639,3182,0.308499991893768,1596,0.321599990129471,1661,0.28099998831749,1449,0.116200000047684,587,0.103699997067451,552,0.0710000023245811,362
107979,RUS,Europe and Northern America,Upper middle income,Russian Fed.,PISA,2012,end of lower secondary,1,Total,0.925000011920929,4851,0.937099993228912,4900,0.963500022888184,5037,0.760500013828278,3971,0.77700001001358,4052,0.8125,4251,0.494599997997284,2592,0.48199999332428,2540,0.51120001077652,2666,0.234899997711182,1246,0.199100002646446,1044,0.19930000603199,1034
107980,SGP,Eastern and South-eastern Asia,High income,Singapore,PISA,2012,end of lower secondary,1,Total,0.977999985218048,5413,0.975899994373322,5393,0.978100001811981,5408,0.917500019073486,5080,0.901300013065338,4973,0.904100000858307,4991,0.795400023460388,4345,0.734399974346161,3987,0.736699998378754,3988,0.619899988174438,3346,0.480500012636185,2539,0.497099995613098,2665
107981,SRB,Europe and Northern America,Upper middle income,Serbia,PISA,2012,end of lower secondary,1,Total,0.845000028610229,3964,0.881399989128113,4142,0.897000014781952,4216,0.610899984836578,2850,0.668699979782104,3124,0.650099992752075,3007,0.345600008964539,1589,0.361099988222122,1637,0.326499998569489,1482,0.150499999523163,676,0.127700001001358,592,0.0979999974370003,445
107982,SVK,Europe and Northern America,High income,Slovakia,PISA,2012,end of lower secondary,1,Total,0.88919997215271,4175,0.879999995231628,4150,0.907599985599518,4271,0.725399971008301,3450,0.71780002117157,3452,0.731500029563904,3496,0.494100004434586,2382,0.467999994754791,2301,0.461299985647202,2226,0.273299992084503,1351,0.200200006365776,1023,0.199100002646446,1043
107983,SVN,Europe and Northern America,High income,Slovenia,PISA,2012,end of lower secondary,1,Total,0.949400007724762,5498,0.938300013542175,5336,0.975499987602234,5678,0.799099981784821,4427,0.788600027561188,4292,0.871200025081635,4853,0.563300013542175,2923,0.517099976539612,2582,0.62610000371933,3262,0.32379999756813,1518,0.232700005173683,1049,0.325599998235703,1531
107984,SWE,Europe and Northern America,High income,Sweden,PISA,2012,end of lower secondary,1,Total,0.904500007629395,4305,0.91159999370575,4343,0.927500009536743,4394,0.729300022125244,3474,0.772800028324127,3704,0.777700006961823,3710,0.482400000095367,2295,0.537299990653992,2589,0.515500009059906,2456,0.243100002408028,1138,0.264800012111664,1282,0.235400006175041,1127
107985,THA,Eastern and South-eastern Asia,Upper middle income,Thailand,PISA,2012,end of lower secondary,1,Total,0.808600008487701,5457,0.911300003528595,6113,0.93010002374649,6184,0.502600014209747,3613,0.670300006866455,4640,0.663999974727631,4619,0.229200005531311,1970,0.31029999256134,2425,0.28889998793602,2322,0.0841000005602837,942,0.0754000023007393,769,0.0731000006198883,793
107986,TUN,Northern Africa and Western Asia,Lower middle income,Tunisia,PISA,2012,end of lower secondary,1,Total,0.635200023651123,2795,0.783200025558472,3450,0.786700010299683,3450,0.322499990463257,1414,0.507000029087067,2246,0.446799993515015,1959,0.111000001430511,479,0.19310000538826,844,0.136199995875359,606,0.031300000846386,129,0.0375999994575977,168,0.0193000007420778,73
107987,TUR,Northern Africa and Western Asia,Upper middle income,Turkey,PISA,2012,end of lower secondary,1,Total,0.845200002193451,4083,0.949400007724762,4601,0.955699980258942,4625,0.580200016498566,2835,0.783699989318848,3813,0.736500024795532,3574,0.32480001449585,1593,0.475300014019012,2287,0.381999999284744,1865,0.159600004553795,796,0.188400000333786,933,0.131400004029274,663
107988,URY,Latin America and the Caribbean,High income,Uruguay,PISA,2012,end of lower secondary,1,Total,0.707599997520447,3801,0.788699984550476,4268,0.803200006484985,4286,0.442200005054474,2373,0.529500007629395,2852,0.530799984931946,2874,0.211999997496605,1166,0.240299999713898,1288,0.237700000405312,1319,0.0679000020027161,364,0.066200003027916,341,0.0668999999761581,343
107989,USA,Europe and Northern America,High income,United States,PISA,2012,end of lower secondary,1,Total,0.920400023460388,4593,0.956799983978271,4763,0.958500027656555,4774,0.741500020027161,3692,0.833999991416931,4145,0.818599998950958,4083,0.479000002145767,2355,0.585300028324127,2885,0.552100002765656,2784,0.245600000023842,1225,0.280400007963181,1382,0.262800008058548,1310
107990,VNM,Eastern and South-eastern Asia,Lower middle income,Viet Nam,PISA,2012,end of lower secondary,1,Total,0.963500022888184,4811,0.984000027179718,4892,0.991400003433228,4922,0.857500016689301,4263,0.905799984931946,4521,0.933099985122681,4650,0.629599988460541,3083,0.668600022792816,3316,0.726300001144409,3612,0.345999985933304,1664,0.279100000858307,1358,0.351000010967255,1708
113632,ARE,Northern Africa and Western Asia,High income,U. A. Emirates,PISA,2015,end of lower secondary,1,Total,0.756500005722046,10734,0.814300000667572,11537,0.843699991703033,11952,0.512700021266937,7300,0.595899999141693,8421,0.582300007343292,8286,0.281199991703033,4005,0.342200011014938,4821,0.312900006771088,4507,0.122100003063679,1712,0.137099996209145,1929,0.122599996626377,1738
113633,AUS,Oceania,High income,Australia,PISA,2015,end of lower secondary,1,Total,0.924199998378754,13113,0.939199984073639,13409,0.951799988746643,13641,0.78030002117157,10665,0.8192999958992,11332,0.823499977588654,11472,0.554000020027161,7369,0.605799973011017,8094,0.607900023460388,8152,0.30009999871254,3849,0.330700010061264,4299,0.334899991750717,4384
113634,AUT,Europe and Northern America,High income,Austria,PISA,2015,end of lower secondary,1,Total,0.921899974346161,6515,0.917500019073486,6473,0.949999988079071,6688,0.782500028610229,5524,0.774600028991699,5490,0.791700005531311,5594,0.569999992847443,4023,0.539900004863739,3845,0.552799999713898,3894,0.323500007390976,2260,0.269899994134903,1880,0.272199988365173,1951
113635,BEL,Europe and Northern America,High income,Belgium,PISA,2015,end of lower secondary,1,Total,0.927900016307831,9038,0.93639999628067,9072,0.945900022983551,9145,0.799399971961975,7858,0.804700016975403,7874,0.802200019359589,7813,0.610899984836578,5997,0.593400001525879,5914,0.58270001411438,5775,0.376899987459183,3752,0.325700014829636,3237,0.31470000743866,3166
113636,BGR,Europe and Northern America,Upper middle income,Bulgaria,PISA,2015,end of lower secondary,1,Total,0.791700005531311,4738,0.780399978160858,4687,0.849200010299683,5069,0.579299986362457,3505,0.585300028324127,3530,0.621399998664856,3703,0.342500001192093,2089,0.36489999294281,2193,0.369599997997284,2186,0.149800002574921,923,0.152500003576279,882,0.143199995160103,886
113637,BRA,Latin America and the Caribbean,Upper middle income,Brazil,PISA,2015,end of lower secondary,1,Total,0.562600016593933,12745,0.755299985408783,17505,0.757700026035309,17598,0.297500014305115,6567,0.490099996328354,11108,0.433999985456467,9793,0.125699996948242,2661,0.239999994635582,5155,0.180399999022484,3806,0.0399000011384487,841,0.0781000033020973,1646,0.0489000007510185,973
113638,CAN,Europe and Northern America,High income,Canada,PISA,2015,end of lower secondary,1,Total,0.961899995803833,19249,0.975300014019012,19495,0.980400025844574,19585,0.856400012969971,16773,0.893199980258942,17516,0.889100015163422,17402,0.65200001001358,12133,0.703299999237061,13151,0.687200009822845,12878,0.380800008773804,6403,0.406100004911423,7051,0.384299993515015,6722
113639,CHE,Europe and Northern America,High income,Switzerland,PISA,2015,end of lower secondary,1,Total,0.950800001621246,5572,0.935500025749207,5470,0.954699993133545,5586,0.842199981212616,4928,0.80019998550415,4627,0.815500020980835,4718,0.661199986934662,3831,0.568199992179871,3188,0.587100028991699,3377,0.42509999871254,2382,0.286900013685226,1597,0.324499994516373,1756
113640,CHL,Latin America and the Caribbean,High income,Chile,PISA,2015,end of lower secondary,1,Total,0.769599974155426,5760,0.913699984550476,6585,0.901700019836426,6533,0.506500005722046,4183,0.716199994087219,5428,0.651799976825714,5091,0.251700013875961,2364,0.41729998588562,3511,0.341600000858307,3009,0.0781000033020973,920,0.147100001573563,1416,0.103399999439716,1088
113641,COL,Latin America and the Caribbean,Upper middle income,Colombia,PISA,2015,end of lower secondary,1,Total,0.646099984645844,8053,0.832599997520447,10278,0.838199973106384,10325,0.337099999189377,4418,0.571600019931793,7307,0.509899973869324,6502,0.121899999678135,1629,0.279500007629395,3683,0.203799992799759,2714,0.0266999993473291,377,0.0800999999046326,1108,0.044599998742342,609
113642,CRI,Latin America and the Caribbean,Upper middle income,Costa Rica,PISA,2015,end of lower secondary,1,Total,0.726100027561188,4997,0.879800021648407,6055,0.892000019550323,6143,0.375,2576,0.59689998626709,4090,0.536300003528595,3705,0.116800002753735,751,0.251300007104874,1693,0.18129999935627,1215,0.0227000005543232,147,0.0588000006973743,360,0.0288999993354082,193
113643,CZE,Europe and Northern America,High income,Czechia,PISA,2015,end of lower secondary,1,Total,0.926199972629547,6462,0.926599979400635,6453,0.954100012779236,6597,0.783100008964539,5549,0.779799997806549,5508,0.79339998960495,5620,0.549799978733063,4075,0.546700000762939,4007,0.53439998626709,3984,0.287999987602234,2346,0.271699994802475,2238,0.257099986076355,2108
113644,DEU,Europe and Northern America,High income,Germany,PISA,2015,end of lower secondary,1,Total,0.948599994182587,6164,0.949500024318695,6205,0.95770001411438,6257,0.828100025653839,5453,0.837700009346008,5541,0.829999983310699,5452,0.60970002412796,4044,0.627900004386902,4151,0.60259997844696,4017,0.341500014066696,2249,0.352200001478195,2348,0.325899988412857,2194
113645,DNK,Europe and Northern America,High income,Denmark,PISA,2015,end of lower secondary,1,Total,0.968800008296967,6869,0.962000012397766,6806,0.966600000858307,6757,0.864300012588501,5905,0.850000023841858,5761,0.841300010681152,5586,0.645099997520447,4142,0.609000027179718,3945,0.582799971103668,3666,0.350300014019012,2160,0.284500002861023,1752,0.271899998188019,1681
113646,DOM,Latin America and the Caribbean,Upper middle income,Dominican Rep.,PISA,2015,end of lower secondary,1,Total,0.31700000166893,1657,0.5867999792099,2936,0.446399986743927,2193,0.0944999977946281,503,0.278600007295609,1412,0.142499998211861,736,0.0171000007539988,105,0.0833000019192696,414,0.0295000001788139,147,,,0.0136000001803041,57,,
113647,DZA,Northern Africa and Western Asia,Lower middle income,Algeria,PISA,2015,end of lower secondary,1,Total,0.49439999461174,2740,0.578800022602081,3138,0.720099985599518,4030,0.190400004386902,1017,0.210299998521805,1098,0.292400002479553,1637,0.0487999990582466,223,0.0403999984264374,211,0.0653999969363213,349,0.008500000461936,36,,,0.00970000028610229,50
113648,ESP,Europe and Northern America,High income,Spain,PISA,2015,end of lower secondary,1,Total,0.928099989891052,6319,0.957799971103668,6477,0.960200011730194,6505,0.777999997138977,5355,0.837599992752075,5769,0.817099988460541,5608,0.528800010681152,3721,0.593800008296967,4157,0.551999986171722,3864,0.253699988126755,1785,0.271100014448166,1887,0.238800004124641,1674
113649,EST,Europe and Northern America,High income,Estonia,PISA,2015,end of lower secondary,1,Total,0.977800011634827,5481,0.97759997844696,5482,0.987299978733063,5512,0.887799978256226,4957,0.893599987030029,4979,0.912199974060059,5143,0.672999978065491,3784,0.677900016307831,3818,0.711399972438812,4043,0.384200006723404,2166,0.364300012588501,2093,0.404700011014938,2277
113650,FIN,Europe and Northern America,High income,Finland,PISA,2015,end of lower secondary,1,Total,0.964100003242493,5669,0.967599987983704,5719,0.974399983882904,5750,0.864400029182434,5083,0.889100015163422,5288,0.885500013828278,5219,0.646200001239777,3820,0.713199973106384,4247,0.69489997625351,4110,0.353300005197525,2070,0.415699988603592,2436,0.402999997138977,2382
113651,FRA,Europe and Northern America,High income,France,PISA,2015,end of lower secondary,1,Total,0.912299990653992,5618,0.912299990653992,5607,0.932799994945526,5730,0.765200018882751,4772,0.785099983215332,4895,0.779399991035461,4853,0.558700025081635,3529,0.594900012016296,3737,0.559099972248077,3497,0.320899993181229,2062,0.350400000810623,2181,0.294299989938736,1884
113652,GBR,Europe and Northern America,High income,United Kingdom,PISA,2015,end of lower secondary,1,Total,0.922599971294403,13177,0.951900005340576,13561,0.962100028991699,13647,0.781300008296967,11002,0.821200013160706,11680,0.825900018215179,11564,0.55460000038147,7585,0.578700006008148,8047,0.600300014019012,8137,0.29449999332428,3832,0.29449999332428,3926,0.324999988079071,4219
113653,GEO,Northern Africa and Western Asia,Upper middle income,Georgia,PISA,2015,end of lower secondary,1,Total,0.688099980354309,3765,0.741199970245361,3976,0.797500014305115,4241,0.428999990224838,2392,0.483399987220764,2636,0.49210000038147,2674,0.20100000500679,1114,0.229499995708466,1267,0.209999993443489,1143,0.0671999976038933,370,0.0684999972581863,398,0.0577999986708164,310
113654,GRC,Europe and Northern America,High income,Greece,PISA,2015,end of lower secondary,1,Total,0.84909999370575,4847,0.899100005626678,5085,0.897199988365173,5080,0.642400026321411,3768,0.72680002450943,4244,0.672999978065491,3934,0.382400006055832,2320,0.473699986934662,2848,0.389499992132187,2377,0.161899998784065,1036,0.201700001955032,1213,0.136999994516373,843
113655,HKG,Eastern and South-eastern Asia,High income,"Hong Kong, China",PISA,2015,end of lower secondary,1,Total,0.97460001707077,5223,0.977199971675873,5256,0.98360002040863,5274,0.910099983215332,4900,0.907100021839142,4883,0.905900001525879,4888,0.7742999792099,4199,0.725899994373322,3936,0.708599984645844,3889,0.539799988269806,2939,0.405200004577637,2213,0.347699999809265,1934
113656,HRV,Europe and Northern America,High income,Croatia,PISA,2015,end of lower secondary,1,Total,0.884599983692169,5152,0.949199974536896,5519,0.945200026035309,5505,0.67960000038147,3961,0.80129998922348,4697,0.753600001335144,4421,0.416599988937378,2389,0.535000026226044,3164,0.458999991416931,2694,0.18639999628067,1080,0.249099999666214,1460,0.183799996972084,1056
113657,HUN,Europe and Northern America,High income,Hungary,PISA,2015,end of lower secondary,1,Total,0.886699974536896,5100,0.905099987983704,5187,0.923699975013733,5294,0.720399975776672,4265,0.725199997425079,4267,0.73989999294281,4401,0.489499986171722,2948,0.480699986219406,2885,0.48539999127388,2960,0.244499996304512,1508,0.210299998521805,1302,0.212200000882149,1322
113658,IDN,Eastern and South-eastern Asia,Upper middle income,Indonesia,PISA,2015,end of lower secondary,1,Total,0.620999991893768,4274,0.793900012969971,5370,0.843999981880188,5650,0.313499987125397,2243,0.446200013160706,3158,0.440499991178513,3122,0.118000000715256,878,0.13740000128746,1061,0.123000003397465,902,0.0342000015079975,248,0.0204000007361174,177,0.0167999994009733,128
113659,IRL,Europe and Northern America,High income,Ireland,PISA,2015,end of lower secondary,1,Total,0.964800000190735,5542,0.980799973011017,5642,0.970399975776672,5581,0.850199997425079,4882,0.898100018501282,5176,0.846700012683868,4849,0.609499990940094,3461,0.68860000371933,3961,0.582499980926514,3324,0.309700012207031,1731,0.370999991893768,2100,0.27140000462532,1523
113660,ISL,Europe and Northern America,High income,Iceland,PISA,2015,end of lower secondary,1,Total,0.91619998216629,3083,0.921999990940094,3112,0.93419998884201,3154,0.763800024986267,2569,0.779100000858307,2629,0.74669998884201,2512,0.526799976825714,1787,0.518999993801117,1762,0.456400007009506,1533,0.278400003910065,933,0.246199995279312,829,0.18359999358654,614
113661,ISR,Northern Africa and Western Asia,High income,Israel,PISA,2015,end of lower secondary,1,Total,0.84960001707077,5619,0.886099994182587,5885,0.884599983692169,5887,0.678699970245361,4514,0.734099984169006,4913,0.685800015926361,4628,0.467400014400482,3074,0.517499983310699,3498,0.441599994897842,2983,0.250800013542175,1655,0.27700001001358,1934,0.208599999547005,1441
113662,ITA,Europe and Northern America,High income,Italy,PISA,2015,end of lower secondary,1,Total,0.916999995708466,10875,0.935500025749207,11038,0.939999997615814,11065,0.767499983310699,9255,0.790300011634827,9674,0.767799973487854,9389,0.534600019454956,6616,0.536300003528595,6746,0.4966000020504,6381,0.287999987602234,3609,0.2483000010252,3187,0.210999995470047,2802
113663,JOR,Northern Africa and Western Asia,Lower middle income,Jordan,PISA,2015,end of lower secondary,1,Total,0.611400008201599,4577,0.789099991321564,5793,0.806299984455109,5936,0.324699997901917,2502,0.537000000476837,4018,0.502399981021881,3791,0.115900002419949,878,0.230399996042252,1735,0.19370000064373,1486,0.0238000005483627,176,0.0434999987483025,329,0.0324000008404255,273
113664,JPN,Eastern and South-eastern Asia,High income,Japan,PISA,2015,end of lower secondary,1,Total,0.970600008964539,6451,0.963599979877472,6377,0.981199979782104,6521,0.893100023269653,5950,0.871200025081635,5759,0.903900027275085,6013,0.72079998254776,4816,0.672999978065491,4507,0.722899973392487,4817,0.462599992752075,3096,0.3682000041008,2480,0.441000014543533,2916
113665,KOR,Eastern and South-eastern Asia,High income,Rep. of Korea,PISA,2015,end of lower secondary,1,Total,0.945599973201752,5310,0.958700001239777,5316,0.967000007629395,5389,0.845399975776672,4718,0.863399982452393,4784,0.856199979782104,4784,0.672999978065491,3747,0.670400023460388,3682,0.638800024986267,3515,0.435999989509583,2399,0.381300002336502,2036,0.346500009298325,1947
113666,LBN,Northern Africa and Western Asia,Lower middle income,Lebanon,PISA,2015,end of lower secondary,1,Total,0.633599996566772,3024,0.513300001621246,2447,0.696200013160706,3266,0.397599995136261,1937,0.296299993991852,1445,0.373699992895126,1802,0.202500000596046,1003,0.137799993157387,633,0.153300002217293,747,0.0790999978780746,405,0.0439999997615814,214,0.0372000001370907,178
113667,LTU,Europe and Northern America,High income,Lithuania,PISA,2015,end of lower secondary,1,Total,0.915300011634827,5919,0.920199990272522,5929,0.941399991512299,6091,0.745899975299835,4736,0.749000012874603,4741,0.752699971199036,4757,0.482100009918213,3030,0.478100001811981,2953,0.456099987030029,2791,0.228499993681908,1360,0.211099997162819,1260,0.193200007081032,1114
113668,LUX,Europe and Northern America,High income,Luxembourg,PISA,2015,end of lower secondary,1,Total,0.91159999370575,4855,0.902700006961823,4784,0.930599987506866,4958,0.741800010204315,3970,0.743600010871887,3948,0.741400003433228,3942,0.516600012779236,2794,0.52319997549057,2748,0.493699997663498,2633,0.280299991369247,1488,0.275700002908707,1452,0.242300003767014,1288
113669,LVA,Europe and Northern America,High income,Latvia,PISA,2015,end of lower secondary,1,Total,0.943300008773804,4631,0.957400023937225,4686,0.972899973392487,4749,0.785700023174286,3878,0.823199987411499,4078,0.827499985694885,4076,0.503000020980835,2444,0.550999999046326,2742,0.529399991035461,2578,0.214900001883507,1056,0.229900002479553,1102,0.212400004267693,1012
113670,MAC,Eastern and South-eastern Asia,High income,"Macao, China",PISA,2015,end of lower secondary,1,Total,0.986800014972687,4411,0.976599991321564,4375,0.988399982452393,4428,0.933499991893768,4181,0.883300006389618,3938,0.919399976730347,4122,0.782500028610229,3512,0.652300000190735,2939,0.71340000629425,3193,0.509400010108948,2268,0.31020000576973,1370,0.371499985456467,1669
113671,MDA,Europe and Northern America,Upper middle income,Rep. Moldova,PISA,2015,end of lower secondary,1,Total,0.752099990844727,3982,0.793500006198883,4239,0.859200000762939,4560,0.497399985790253,2624,0.542100012302399,2937,0.577600002288818,3090,0.247299998998642,1356,0.265100002288818,1434,0.262899994850159,1376,0.0847999975085258,457,0.0784000009298325,439,0.0662999972701073,363
113672,MEX,Latin America and the Caribbean,Upper middle income,Mexico,PISA,2015,end of lower secondary,1,Total,0.744700014591217,5774,0.866400003433228,6685,0.871999979019165,6729,0.433600008487701,3443,0.582599997520447,4620,0.522300004959106,4220,0.164199993014336,1393,0.240600004792213,2011,0.175500005483627,1495,0.035300001502037,324,0.0452999994158745,421,0.0244999993592501,214
113673,MKD,Europe and Northern America,Upper middle income,North Macedonia,PISA,2015,end of lower secondary,1,Total,0.548900008201599,2907,0.570299983024597,2955,0.708899974822998,3741,0.297699987888336,1515,0.293199986219406,1508,0.370900005102158,1906,0.125200003385544,607,0.100299999117851,467,0.124899998307228,633,0.0395000018179417,185,0.0187999997287989,85,0.0221999995410442,109
113674,MLT,Europe and Northern America,High income,Malta,PISA,2015,end of lower secondary,1,Total,0.853100001811981,3127,0.814100027084351,3019,0.854600012302399,3156,0.708599984645844,2608,0.644500017166138,2427,0.674799978733063,2524,0.508800029754639,1900,0.419900000095367,1593,0.441199988126755,1679,0.293199986219406,1089,0.19539999961853,737,0.224299997091293,860
113675,MNE,Europe and Northern America,Upper middle income,Montenegro,PISA,2015,end of lower secondary,1,Total,0.749899983406067,4175,0.829800009727478,4653,0.810500025749207,4559,0.481099992990494,2624,0.581200003623962,3226,0.489699989557266,2743,0.232500001788139,1251,0.294900000095367,1607,0.200000002980232,1112,0.0758000016212463,381,0.0926999971270561,483,0.0485999993979931,264
113676,NLD,Europe and Northern America,High income,Netherlands,PISA,2015,end of lower secondary,1,Total,0.947700023651123,5112,0.944999992847443,5095,0.957400023937225,5163,0.83270001411438,4525,0.819400012493134,4446,0.814599990844727,4423,0.634500026702881,3475,0.601700007915497,3269,0.596099972724915,3268,0.384999990463257,2148,0.335299998521805,1868,0.334600001573563,1845
113677,NOR,Europe and Northern America,High income,Norway,PISA,2015,end of lower secondary,1,Total,0.951799988746643,5179,0.956499993801117,5236,0.953199982643127,5197,0.829200029373169,4509,0.850899994373322,4670,0.813000023365021,4432,0.593299984931946,3180,0.646899998188019,3568,0.566699981689453,3086,0.316100001335144,1645,0.361400008201599,2006,0.275400012731552,1469
113678,NZL,Oceania,High income,New Zealand,PISA,2015,end of lower secondary,1,Total,0.929400026798248,4194,0.941699981689453,4244,0.955900013446808,4318,0.783699989318848,3558,0.827000021934509,3744,0.825500011444092,3734,0.557200014591217,2500,0.621200025081635,2809,0.609200000762939,2773,0.303999990224838,1363,0.356700003147125,1624,0.346100002527237,1593
113679,PER,Latin America and the Caribbean,Upper middle income,Peru,PISA,2015,end of lower secondary,1,Total,0.622699975967407,4379,0.744000017642975,5278,0.782100021839142,5474,0.33840000629425,2347,0.460999995470047,3213,0.415399998426437,2948,0.128499999642372,854,0.187999993562698,1312,0.136600002646446,945,0.030799999833107,192,0.0383000001311302,257,0.0217000003904104,152
113680,POL,Europe and Northern America,High income,Poland,PISA,2015,end of lower secondary,1,Total,0.95550000667572,4297,0.963800013065338,4332,0.97079998254776,4367,0.828100025653839,3734,0.85589998960495,3835,0.837499976158142,3772,0.59909999370575,2698,0.63129997253418,2842,0.57150000333786,2593,0.32820001244545,1471,0.316900014877319,1435,0.272300004959106,1216
113681,PRT,Europe and Northern America,High income,Portugal,PISA,2015,end of lower secondary,1,Total,0.913299977779388,6556,0.954699993133545,6886,0.966099977493286,6961,0.762399971485138,5258,0.827700018882751,5803,0.826099991798401,5751,0.545899987220764,3652,0.595899999141693,4001,0.572200000286102,3772,0.306400001049042,1990,0.294200003147125,1859,0.284599989652634,1764
113682,QAT,Northern Africa and Western Asia,High income,Qatar,PISA,2015,end of lower secondary,1,Total,0.652999997138977,7852,0.712199985980988,8590,0.781599998474121,9479,0.413399994373322,4974,0.48429998755455,5918,0.501999974250793,6039,0.214699998497963,2552,0.257200002670288,3220,0.25560000538826,3026,0.0861999988555908,1029,0.089199997484684,1132,0.0920000001788139,1068
113683,ROU,Europe and Northern America,High income,Romania,PISA,2015,end of lower secondary,1,Total,0.837599992752075,4053,0.84689998626709,4126,0.89819997549057,4387,0.600499987602234,2895,0.612900018692017,2979,0.614600002765656,3017,0.326200008392334,1571,0.317699998617172,1592,0.264200001955032,1310,0.12559999525547,639,0.104400001466274,521,0.0654999986290932,339
113684,RUS,Europe and Northern America,Upper middle income,Russian Fed.,PISA,2015,end of lower secondary,1,Total,0.949299991130829,5713,0.965499997138977,5841,0.970399975776672,5833,0.810699999332428,4939,0.837599992752075,5114,0.818400025367737,4892,0.555599987506866,3412,0.566399991512299,3474,0.50629997253418,3049,0.28099998831749,1723,0.259400010108948,1602,0.197699993848801,1208
113685,SGP,Eastern and South-eastern Asia,High income,Singapore,PISA,2015,end of lower secondary,1,Total,0.979499995708466,5964,0.971700012683868,5892,0.978900015354156,5956,0.924399971961975,5565,0.888499975204468,5302,0.903999984264374,5429,0.800000011920929,4760,0.719099998474121,4179,0.753099977970123,4430,0.599699974060059,3433,0.457399994134903,2571,0.518999993801117,2950
113686,SVK,Europe and Northern America,High income,Slovakia,PISA,2015,end of lower secondary,1,Total,0.883700013160706,5611,0.861500024795532,5520,0.89029997587204,5733,0.722899973392487,4589,0.679000020027161,4363,0.692900002002716,4468,0.48759999871254,3144,0.421999990940094,2692,0.416599988937378,2664,0.2449000030756,1561,0.174099996685982,1119,0.168999999761581,1113
113687,SVN,Europe and Northern America,High income,Slovenia,PISA,2015,end of lower secondary,1,Total,0.956200003623962,6053,0.960399985313416,6007,0.969399988651276,6132,0.838900029659271,5121,0.848599970340729,5086,0.850000023841858,5129,0.624800026416779,3572,0.623300015926361,3460,0.617299973964691,3424,0.357300013303757,1890,0.319999992847443,1575,0.326599985361099,1655
113688,SWE,Europe and Northern America,High income,Sweden,PISA,2015,end of lower secondary,1,Total,0.929899990558624,5102,0.937399983406067,5108,0.933700025081635,5094,0.791599988937378,4366,0.815699994564056,4478,0.783699989318848,4284,0.558300018310547,3073,0.598999977111816,3280,0.543900012969971,2954,0.297800004482269,1608,0.324499994516373,1763,0.275499999523163,1495
113689,THA,Eastern and South-eastern Asia,Upper middle income,Thailand,PISA,2015,end of lower secondary,1,Total,0.757799983024597,6431,0.821200013160706,6876,0.869799971580505,7245,0.462199985980988,4225,0.500199973583221,4422,0.532500028610229,4675,0.200900003314018,2187,0.189300000667572,2042,0.210700005292892,2317,0.0625,889,0.0397000014781952,579,0.0507000014185905,810
113690,TTO,Latin America and the Caribbean,High income,Trinidad/Tobago,PISA,2015,end of lower secondary,1,Total,0.716799974441528,3401,0.800000011920929,3750,0.820999979972839,3859,0.47749999165535,2266,0.575200021266937,2729,0.541599988937378,2543,0.256199985742569,1223,0.319400012493134,1529,0.270300000905991,1269,0.100000001490116,470,0.11599999666214,543,0.0869999974966049,398
113691,TUN,Northern Africa and Western Asia,Lower middle income,Tunisia,PISA,2015,end of lower secondary,1,Total,0.525600016117096,2818,0.623199999332428,3294,0.78329998254776,4178,0.251899987459183,1336,0.284200012683868,1503,0.341199994087219,1811,0.0877000018954277,467,0.0738999992609024,370,0.0754999965429306,373,0.0236000008881092,109,0.00889999978244305,49,0.00789999961853027,47
113692,TUR,Northern Africa and Western Asia,Upper middle income,Turkey,PISA,2015,end of lower secondary,1,Total,0.770699977874756,4469,0.868399977684021,5127,0.870999991893768,5144,0.486200004816055,2773,0.600199997425079,3454,0.555400013923645,3184,0.233400002121925,1276,0.273900002241135,1523,0.242500007152557,1321,0.0700000002980232,365,0.0632999986410141,328,0.0513999983668327,265
113693,URY,Latin America and the Caribbean,High income,Uruguay,PISA,2015,end of lower secondary,1,Total,0.745599985122681,4628,0.844900012016296,5162,0.876200020313263,5297,0.475699990987778,2954,0.609899997711182,3748,0.592100024223328,3609,0.232099995017052,1484,0.331499993801117,2064,0.289499998092651,1815,0.0785999968647957,505,0.118400000035763,774,0.0866999998688698,558
113694,VNM,Eastern and South-eastern Asia,Lower middle income,Viet Nam,PISA,2015,end of lower secondary,1,Total,0.954699993133545,5593,0.982100009918213,5742,0.997600018978119,5814,0.809000015258789,4792,0.861599981784821,5104,0.94080001115799,5516,0.545099973678589,3215,0.536700010299683,3220,0.687600016593933,4026,0.275000005960464,1616,0.184599995613098,1084,0.32150000333786,1857
119904,GTM,Latin America and the Caribbean,Upper middle income,Guatemala,PISA-D,2015,end of lower secondary,1,Total,0.363499999046326,1920,0.669399976730347,3520,0.675999999046326,3583,0.10639999806881,549,0.299499988555908,1584,0.228400006890297,1183,0.016499999910593,85,0.0741000026464462,407,0.033500000834465,175,,,0.00689999992027879,32,,
119907,PRY,Latin America and the Caribbean,Upper middle income,Paraguay,PISA-D,2015,end of lower secondary,1,Total,0.327800005674362,1579,0.65420001745224,3115,0.621500015258789,2941,0.0834999978542328,401,0.321700006723404,1576,0.237800002098083,1177,0.00700000021606684,35,0.0993999987840652,475,0.0425000004470348,200,,,0.0131999999284744,64,,
119908,SEN,Sub-Saharan Africa,Lower middle income,Senegal,PISA-D,2015,end of lower secondary,1,Total,0.24210000038147,1270,0.309700012207031,1660,0.288800001144409,1526,0.0771000012755394,415,0.0865999981760979,461,0.0419999994337559,196,0.0186999998986721,101,0.0208000000566244,104,,,,,,,,
